<?xml version="1.0" encoding="UTF-8"?><rss version="2.0"
	xmlns:content="http://purl.org/rss/1.0/modules/content/"
	xmlns:wfw="http://wellformedweb.org/CommentAPI/"
	xmlns:dc="http://purl.org/dc/elements/1.1/"
	xmlns:atom="http://www.w3.org/2005/Atom"
	xmlns:sy="http://purl.org/rss/1.0/modules/syndication/"
	xmlns:slash="http://purl.org/rss/1.0/modules/slash/"
	
	xmlns:georss="http://www.georss.org/georss"
	xmlns:geo="http://www.w3.org/2003/01/geo/wgs84_pos#"
	>

<channel>
	<title>Shop &#8211; FutureLearnHub</title>
	<atom:link href="/shop/feed/" rel="self" type="application/rss+xml" />
	<link></link>
	<description></description>
	<lastBuildDate>Mon, 25 Nov 2024 13:06:40 +0000</lastBuildDate>
	<language>en-US</language>
	<sy:updatePeriod>
	hourly	</sy:updatePeriod>
	<sy:updateFrequency>
	1	</sy:updateFrequency>
	<generator>https://wordpress.org/?v=6.7.1</generator>
	<item>
		<title>Personal Finance and Investment Strategies</title>
		<link>/product/personal-finance-and-investment-strategies/</link>
					<comments>/product/personal-finance-and-investment-strategies/#respond</comments>
		
		<dc:creator><![CDATA[manoj]]></dc:creator>
		<pubDate>Mon, 25 Nov 2024 13:06:23 +0000</pubDate>
				<guid isPermaLink="false">/?post_type=product#038;p=25781</guid>

					<description><![CDATA[Field: Finance / Business Description: A course teaching personal budgeting, saving, and strategies for investing in stocks and real estate.]]></description>
										<content:encoded><![CDATA[<p>Field: Finance / Business<br />
Description: A course teaching personal budgeting, saving, and strategies for investing in stocks and real estate.</p>
]]></content:encoded>
					
					<wfw:commentRss>/product/personal-finance-and-investment-strategies/feed/</wfw:commentRss>
			<slash:comments>0</slash:comments>
		
		
		<post-id xmlns="com-wordpress:feed-additions:1">25781</post-id>	</item>
		<item>
		<title>Graphic Design Fundamentals</title>
		<link>/product/graphic-design-fundamentals/</link>
					<comments>/product/graphic-design-fundamentals/#respond</comments>
		
		<dc:creator><![CDATA[manoj]]></dc:creator>
		<pubDate>Mon, 25 Nov 2024 13:03:49 +0000</pubDate>
				<guid isPermaLink="false">/?post_type=product#038;p=25779</guid>

					<description><![CDATA[Field: Design / Creativity Description: Learn the basics of graphic design, including typography, color theory, and software like Adobe Illustrator.]]></description>
										<content:encoded><![CDATA[<p>Field: Design / Creativity<br />
Description: Learn the basics of graphic design, including typography, color theory, and software like Adobe Illustrator.</p>
]]></content:encoded>
					
					<wfw:commentRss>/product/graphic-design-fundamentals/feed/</wfw:commentRss>
			<slash:comments>0</slash:comments>
		
		
		<post-id xmlns="com-wordpress:feed-additions:1">25779</post-id>	</item>
		<item>
		<title>Data Science and Analytics with Python</title>
		<link>/product/data-science-and-analytics-with-python/</link>
					<comments>/product/data-science-and-analytics-with-python/#respond</comments>
		
		<dc:creator><![CDATA[manoj]]></dc:creator>
		<pubDate>Mon, 25 Nov 2024 13:02:41 +0000</pubDate>
				<guid isPermaLink="false">/?post_type=product#038;p=25777</guid>

					<description><![CDATA[Field: Data Science / Technology Description: Learn how to analyze data using Python libraries such as pandas, numpy, and matplotlib.]]></description>
										<content:encoded><![CDATA[<p>Field: Data Science / Technology<br />
Description: Learn how to analyze data using Python libraries such as pandas, numpy, and matplotlib.</p>
]]></content:encoded>
					
					<wfw:commentRss>/product/data-science-and-analytics-with-python/feed/</wfw:commentRss>
			<slash:comments>0</slash:comments>
		
		
		<post-id xmlns="com-wordpress:feed-additions:1">25777</post-id>	</item>
		<item>
		<title>Digital Marketing Mastery</title>
		<link>/product/digital-marketing-mastery/</link>
					<comments>/product/digital-marketing-mastery/#respond</comments>
		
		<dc:creator><![CDATA[manoj]]></dc:creator>
		<pubDate>Mon, 25 Nov 2024 12:59:52 +0000</pubDate>
				<guid isPermaLink="false">/?post_type=product#038;p=25775</guid>

					<description><![CDATA[Field: Business / Marketing Description: In-depth course covering SEO, SEM, social media marketing, and email marketing.]]></description>
										<content:encoded><![CDATA[<p>Field: Business / Marketing<br />
Description: In-depth course covering SEO, SEM, social media marketing, and email marketing.</p>
]]></content:encoded>
					
					<wfw:commentRss>/product/digital-marketing-mastery/feed/</wfw:commentRss>
			<slash:comments>0</slash:comments>
		
		
		<post-id xmlns="com-wordpress:feed-additions:1">25775</post-id>	</item>
		<item>
		<title>Web Development for Beginners</title>
		<link>/product/web-development-for-beginners/</link>
					<comments>/product/web-development-for-beginners/#respond</comments>
		
		<dc:creator><![CDATA[manoj]]></dc:creator>
		<pubDate>Mon, 25 Nov 2024 12:51:14 +0000</pubDate>
				<guid isPermaLink="false">/?post_type=product#038;p=25772</guid>

					<description><![CDATA[Field: Technology / Programming Description: Introduction to HTML, CSS, JavaScript, and basic web development tools.]]></description>
										<content:encoded><![CDATA[<p>Field: Technology / Programming<br />
Description: Introduction to HTML, CSS, JavaScript, and basic web development tools.</p>
]]></content:encoded>
					
					<wfw:commentRss>/product/web-development-for-beginners/feed/</wfw:commentRss>
			<slash:comments>0</slash:comments>
		
		
		<post-id xmlns="com-wordpress:feed-additions:1">25772</post-id>	</item>
	</channel>
</rss>
